3-1-ReVI_P877_ECG_Export@EndofSheath###20A_11-12,341,414
3-VI_P877_ECG_Export@EndofSheath###20A_6-7,2341,2349
3-1-ReVI_P3212_ECG_Export@PTRE###20A_2-3,249,287,1324,1383,2016,2073
3-1-ReVI_P3212_ECG_Export@PTRE###20A_3-4,251,278,1324,1379,2016,2068
3-1-ReVI_P3212_ECG_Export@PTRE###20A_7-8,220,275,1348,1385,2039,2075
3-1-ReVI_P2443_ECG_Export@PTRE###20A_17-18,1503,1559
3-1-ReVI_P3212_ECG_Export@PTRE###20A_13-14,1362,1388,2051,2082
3-1-ReVI_P3212_ECG_Export@PTRE###20A_17-18,1359,1390,2054,2083
3-1-ReVI_P3212_ECG_Export@PTRE###20A_19-20,1339,1378,2033,2067
3-1-ReVI_P3212_ECG_Export@PTRE###20A_11-12,1337,1383,2032,2070
3-1-ReVI_P3212_ECG_Export@PTRE###20A_18-19,1328,1398,2031,2090
3-1-ReVI_P3212_ECG_Export@PTRE###20A_9-10,254,283
3-1-ReVI_P3212_ECG_Export@PTRE###20A_10-11,256,288
3-1-ReVI_P3212_ECG_Export@PTRE###20A_5-6,219,259
3-1-ReVI_P3847_ECG_Export@PTRE###20A_2-3,196,251,460,532
3-1-ReVI_P3847_ECG_Export@PTRE###20A_7-8,184,230,444,482,1347,1384,2002,2037
3-1-ReVI_P3847_ECG_Export@PTRE###20A_9-10,205,250,473,529
3-1-ReVI_P3847_ECG_Export@PTRE###20A_10-11,165,280,475,517
3-1-ReVI_P3902_ECG_Export@PTRE###20A_15-16,695,718,1284,1322,1781,1823,2280,2320
3-1-ReVI_P3902_ECG_Export@PTRE###20A_14-15,1284,1324,1781,1822,2281,2322
3-1-ReVI_P3902_ECG_Export@PTRE###20A_17-18,694,724,1283,1312,1780,1817,2279,2315
3-1-ReVI_P3902_ECG_Export@PTRE###20A_18-19,694,716,1280,1322,1779,1821,2279,2319
3-1-ReVI_P3902_ECG_Export@PTRE###20A_10-11,668,697,1278,1323,1777,1824,2276,2321
3-1-ReVI_P3902_ECG_Export@PTRE###20A_13-14,1292,1319,1775,1822,2273,2315
3-1-ReVI_P3902_ECG_Export@PTRE###20A_19-20,689,705,1283,1323,1781,1822,2278,2320
3-1-ReVI_P3902_ECG_Export@PTRE###20A_11-12,1299,1324
3-1-ReVI_P3902_ECG_Export@PTRE###20A_7-8,1291,1311,1788,1812,2287,2311
3-1-ReVI_P3902_ECG_Export@PTRE###CS1-CS2,1898,1923,2392,2424
3-1-ReVI_P3847_ECG_Export@PTRE###20A_13-14,1379,1422,2036,2080
3-1-ReVI_P3847_ECG_Export@PTRE###20A_15-16,1383,1416,2041,2076
3-1-ReVI_P3847_ECG_Export@PTRE###20A_17-18,2040,2081
3-1-ReVI_P3847_ECG_Export@PTRE###20A_18-19,1388,1434,2045,2089
3-1-ReVI_P877_ECG_Export@EndofSheath###M1-M2,2033,2096
